month,borough,raw_rows,valid_trips,data_yield_pct,median_duration_min,p90_duration_min,median_speed_mph,airport_trip_share_pct,median_revenue_per_mile,incomplete_submission_pct,tlc_published_pickups,recon_gap_pct
2026-06,ALL NYC,3837248,3621446,94.38,14.23,32.9,9.1,8.17,12.13,25.37,3817295,0.52
2026-06,Bronx,15006,13772,91.78,19.6,39.35,13.48,0.52,6.52,92.41,15000,0.04
2026-06,Brooklyn,106869,99758,93.35,21.95,38.58,11.7,1.66,7.97,88.44,106836,0.03
2026-06,EWR,569,109,19.16,0.15,4.69,21.0,100.0,2320.0,0.0,,
2026-06,Manhattan,3385945,3210394,94.82,13.23,28.37,8.63,1.79,12.91,24.13,3373903,0.36
2026-06,N/A,2394,0,0.0,,,,,,,,
2026-06,Queens,322053,297212,92.29,33.27,63.33,18.75,79.68,6.15,14.4,321319,0.23
2026-06,Staten Island,237,201,84.81,22.98,46.58,19.85,1.99,5.48,79.1,237,0.0
2026-06,Unknown,4175,0,0.0,,,,,,,,
